Model,RMSE,MAE
CO2 Prediction Model(xg),10.682379347021437,2.8191785733322927
Cost Prediction Model(rf),0.15617730849429065,0.1240570548218525
